{"errors":[],"warnings":[],"namedChunkGroups":{"app":{"chunks":[13,4],"assets":["webpack-runtime-c1817b46845c2db26844.js","webpack-runtime-c1817b46845c2db26844.js.map","app-6b1a04579616e872b26b.js","app-6b1a04579616e872b26b.js.map"],"children":{},"childAssets":{}},"component---node-modules-gatsby-plugin-offline-app-shell-js":{"chunks":[5],"assets":["component---node-modules-gatsby-plugin-offline-app-shell-js-62d1a7f18146ee73b1b3.js","component---node-modules-gatsby-plugin-offline-app-shell-js-62d1a7f18146ee73b1b3.js.map"],"children":{},"childAssets":{}},"component---src-templates-post-jsx":{"chunks":[0,2,12,1,6],"assets":["0.2e982a0176eca8498484.css","0-396d3ee7d7fbfbe8151b.js","0-396d3ee7d7fbfbe8151b.js.map","2-85f91b878b1ae08700b3.js","2-85f91b878b1ae08700b3.js.map","12-cbd6f72a0df26927caa9.js","12-cbd6f72a0df26927caa9.js.map","1.efe80520fa06d2c2e226.css","1-14569677aa7416c9942e.js","1-14569677aa7416c9942e.js.map","component---src-templates-post-jsx.9b951ece57975171e630.css","component---src-templates-post-jsx-1673718ebcff0aecc027.js","component---src-templates-post-jsx-1673718ebcff0aecc027.js.map"],"children":{},"childAssets":{}},"component---src-templates-tag-jsx":{"chunks":[0,2,1,3,7],"assets":["0.2e982a0176eca8498484.css","0-396d3ee7d7fbfbe8151b.js","0-396d3ee7d7fbfbe8151b.js.map","2-85f91b878b1ae08700b3.js","2-85f91b878b1ae08700b3.js.map","1.efe80520fa06d2c2e226.css","1-14569677aa7416c9942e.js","1-14569677aa7416c9942e.js.map","3.826228f3608537dc0470.css","3-f8aab53412524aee2838.js","3-f8aab53412524aee2838.js.map","component---src-templates-tag-jsx-08c14cdc4a3527fff024.js","component---src-templates-tag-jsx-08c14cdc4a3527fff024.js.map"],"children":{},"childAssets":{}},"component---src-templates-category-jsx":{"chunks":[0,2,1,3,8],"assets":["0.2e982a0176eca8498484.css","0-396d3ee7d7fbfbe8151b.js","0-396d3ee7d7fbfbe8151b.js.map","2-85f91b878b1ae08700b3.js","2-85f91b878b1ae08700b3.js.map","1.efe80520fa06d2c2e226.css","1-14569677aa7416c9942e.js","1-14569677aa7416c9942e.js.map","3.826228f3608537dc0470.css","3-f8aab53412524aee2838.js","3-f8aab53412524aee2838.js.map","component---src-templates-category-jsx-5c21f92b04872662132d.js","component---src-templates-category-jsx-5c21f92b04872662132d.js.map"],"children":{},"childAssets":{}},"component---src-pages-about-jsx":{"chunks":[0,1,9],"assets":["0.2e982a0176eca8498484.css","0-396d3ee7d7fbfbe8151b.js","0-396d3ee7d7fbfbe8151b.js.map","1.efe80520fa06d2c2e226.css","1-14569677aa7416c9942e.js","1-14569677aa7416c9942e.js.map","component---src-pages-about-jsx.21982d0f1c41b77e3700.css","component---src-pages-about-jsx-bd03a153106471aeba75.js","component---src-pages-about-jsx-bd03a153106471aeba75.js.map"],"children":{},"childAssets":{}},"component---src-pages-index-jsx":{"chunks":[0,2,1,3,10],"assets":["0.2e982a0176eca8498484.css","0-396d3ee7d7fbfbe8151b.js","0-396d3ee7d7fbfbe8151b.js.map","2-85f91b878b1ae08700b3.js","2-85f91b878b1ae08700b3.js.map","1.efe80520fa06d2c2e226.css","1-14569677aa7416c9942e.js","1-14569677aa7416c9942e.js.map","3.826228f3608537dc0470.css","3-f8aab53412524aee2838.js","3-f8aab53412524aee2838.js.map","component---src-pages-index-jsx-724f205254999c74b202.js","component---src-pages-index-jsx-724f205254999c74b202.js.map"],"children":{},"childAssets":{}}},"assetsByChunkName":{"app":["webpack-runtime-c1817b46845c2db26844.js","app-6b1a04579616e872b26b.js"],"component---node-modules-gatsby-plugin-offline-app-shell-js":["component---node-modules-gatsby-plugin-offline-app-shell-js-62d1a7f18146ee73b1b3.js"],"component---src-templates-post-jsx":["0.2e982a0176eca8498484.css","0-396d3ee7d7fbfbe8151b.js","2-85f91b878b1ae08700b3.js","12-cbd6f72a0df26927caa9.js","1.efe80520fa06d2c2e226.css","1-14569677aa7416c9942e.js","component---src-templates-post-jsx.9b951ece57975171e630.css","component---src-templates-post-jsx-1673718ebcff0aecc027.js"],"component---src-templates-tag-jsx":["0.2e982a0176eca8498484.css","0-396d3ee7d7fbfbe8151b.js","2-85f91b878b1ae08700b3.js","1.efe80520fa06d2c2e226.css","1-14569677aa7416c9942e.js","3.826228f3608537dc0470.css","3-f8aab53412524aee2838.js","component---src-templates-tag-jsx-08c14cdc4a3527fff024.js"],"component---src-templates-category-jsx":["0.2e982a0176eca8498484.css","0-396d3ee7d7fbfbe8151b.js","2-85f91b878b1ae08700b3.js","1.efe80520fa06d2c2e226.css","1-14569677aa7416c9942e.js","3.826228f3608537dc0470.css","3-f8aab53412524aee2838.js","component---src-templates-category-jsx-5c21f92b04872662132d.js"],"component---src-pages-about-jsx":["0.2e982a0176eca8498484.css","0-396d3ee7d7fbfbe8151b.js","1.efe80520fa06d2c2e226.css","1-14569677aa7416c9942e.js","component---src-pages-about-jsx.21982d0f1c41b77e3700.css","component---src-pages-about-jsx-bd03a153106471aeba75.js"],"component---src-pages-index-jsx":["0.2e982a0176eca8498484.css","0-396d3ee7d7fbfbe8151b.js","2-85f91b878b1ae08700b3.js","1.efe80520fa06d2c2e226.css","1-14569677aa7416c9942e.js","3.826228f3608537dc0470.css","3-f8aab53412524aee2838.js","component---src-pages-index-jsx-724f205254999c74b202.js"]}}